tell me time of alarm you set,alarm_query,0.7
list all of my alarms,alarm_query,0.7
alarm settings,alarm_query,0.7
what alarms are set for today,alarm_query,0.7
please see see for me the alarms that you have set sunday morning,alarm_query,0.7
tell me when the next alarms are for,alarm_query,0.7
please tell me what alarms are on,alarm_query,0.7
please list all my alarms,alarm_query,0.7
what alarms are set right now,alarm_query,0.7
check whether i have set any alarms for tomorrow morning,alarm_query,0.7
tell me about my alarms,alarm_query,0.7
do i have any alarms set,alarm_query,0.7
is there an alarm at four am,alarm_query,0.7
show me my alarms,alarm_query,0.7
what alarm time had you set,alarm_query,0.7
can you tell me what alarms i have set,alarm_query,0.7
please let me know the morning alarm time kept for weekends,alarm_set,0.7
what time is the alarm set for tomorrow,alarm_query,0.7
may i know the about alarm you set,alarm_query,0.7
disable the alarm which is set at nine thirty pm,alarm_remove,0.7
delete scheduled alarm,alarm_remove,0.7
turn off my first alarm,alarm_remove,0.7
please cancel all alarms for tomorrow,alarm_remove,0.7
please delete the wednesday evening alarm,alarm_remove,0.7
please delete my morning alarm,alarm_remove,0.7
remove all of my alarms,alarm_remove,0.7
cancel alarm,alarm_remove,0.7
delete the alarm i just set,alarm_remove,0.7
could you please remove the set of alarms between eight and nine,alarm_remove,0.7
please turn off the alarm,alarm_remove,0.7
set an alarm for nine am,alarm_set,0.7
change alarm to start at midnight,alarm_set,0.7
alarm ten am,alarm_set,0.7
set an alarm for me for tomorrow,alarm_set,0.7
set an alarm for twelve,alarm_set,0.7
set a timer at five am seven days a week,alarm_set,0.7
i need to set an alarm for next friday at noon,alarm_set,0.7
please sound an alarm three hours before a scheduled event,alarm_set,0.7
can you set an alarm for seven am,alarm_set,0.7
alert me at ten am please,alarm_set,0.7
set the alarm to seven am for work,alarm_set,0.7
wake up time,alarm_remove,0.7
change my alarms to mountain time,alarm_remove,0.7
set up each day an alarm at ten time for my meal,alarm_set,0.7
please set an alarm clock for my next meeting with the team at three pm next friday,alarm_set,0.7
set my alarm for six am,alarm_set,0.7
set an alarm for this eight hundred pm this evening,alarm_set,0.7
set alarm at six thirty am,alarm_set,0.7
make me a wake up alarm for eight forty five am,alarm_set,0.7
could you please lower the tone,audio_volume_down,0.7
please talk softer,audio_volume_down,0.7
lower the speak volume,audio_volume_down,0.7
it is too loud decrease the volume,audio_volume_down,0.7
Turn down volume,audio_volume_down,0.7
reduce volume,audio_volume_down,0.7
lower the volume to twenty,audio_volume_down,0.7
lower volume by fifty percent,audio_volume_down,0.7
quiet please,audio_volume_mute,0.7
mute sound from speakers,audio_volume_mute,0.7
please mute for five minutes,audio_volume_mute,0.7
mute my speakers for a minute here i need to make a call,audio_volume_mute,0.7
mute speaker,audio_volume_mute,0.7
silence volume on speakers,audio_volume_down,0.7
turn off media volume,audio_volume_down,0.7
i need you to be quiet until tomorrow,audio_volume_mute,0.7
go to sleep,audio_volume_mute,0.7
no notifications for five minutes,social_query,0.7
turn off the sound,audio_volume_mute,0.7
mute the music,audio_volume_mute,0.7
pause for ten seconds,audio_volume_mute,0.7
set mute for twenty minutes,audio_volume_mute,0.7
i need to mute the speaker,audio_volume_mute,0.7
could you speak a little more softly,audio_volume_mute,0.7
turn it up,audio_volume_up,0.7
just increase the volume a little,audio_volume_up,0.7
olly turn the volume up,audio_volume_up,0.7
raise volume to level seven on music player,audio_volume_up,0.7
i want the speakers turned up high,audio_volume_up,0.7
rise volume,audio_volume_up,0.7
please increase the volume of the music hips don't lie,audio_volume_up,0.7
raise the volume of my music player by fifty percent,audio_volume_up,0.7
speak as loud as you can,audio_volume_up,0.7
increase volume please,audio_volume_up,0.7
make this a bit louder,audio_volume_up,0.7
increase volume to fifty percent,audio_volume_up,0.7
when is the school dance junction marked,transport_query,0.7
what is my schedule for tomorrow,calendar_query,0.7
am i available at five pm on sunday,calendar_query,0.7
do i have any notifications from social media,social_query,0.7
what do i have scheduled for next week,calendar_query,0.7
tell me the meetings i have for the week,calendar_query,0.7
do i have any openings on my schedule for tomorrow,calendar_query,0.7
do i need to pick up the kids from anything today,calendar_query,0.7
is there anything i need to be aware of,calendar_query,0.73
do i have any undone tasks,lists_query,0.7
what is left for today,lists_query,0.7
list out my upcoming events,calendar_query,0.7
one thousand two hundred and thirty pm already you will have a meeting in ten mins,calendar_query,0.7
is the meeting scheduled for tomorrow,calendar_query,0.7
when the birthday will be,email_querycontact,0.7
when is my next appointment and who do i contact to reschedule,calendar_query,0.7
what is the plan for tonight,calendar_query,0.7
what day of the week is my birthday this year,datetime_query,0.7
what is my schedule for june fourteenth two thousand and seventeen,calendar_query,0.7
remove the next event on my calendar,calendar_remove,0.7
format the calendar,calendar_remove,0.7
remove the board meeting and reschedule for next wednesday,calendar_remove,0.7
delete event from mine,calendar_remove,0.7
cancel the event valentine's day from the calendar,calendar_remove,0.7
remove my meeting today at one pm,calendar_remove,0.7
i no longer need to see the doctor can that event be removed,calendar_remove,0.7
please remove march nineteenth's scheduled event,calendar_remove,0.7
make sure there is no events on my calendar,calendar_remove,0.7
remove all the events on my calendar,calendar_remove,0.7
delete my meeting event for march nineteen at one pm,calendar_remove,0.7
remove upcoming task,calendar_remove,0.7
remove emma's birthday from events,calendar_remove,0.7
in my calendar delete all of my golf events for the current month,calendar_remove,0.7
erase calendar events,calendar_remove,0.7
take lunch meeting off my calendar,calendar_remove,0.7
delete all my events for tomorrow,calendar_remove,0.7
delete the party on june first from my calendar,calendar_remove,0.7
can to please clear my calendar of all events,calendar_remove,0.7
set a reminder for tomorrow evening,calendar_set,0.7
notify me when the event is going to take place,calendar_query,0.7
add jim and jerry to event,calendar_set,0.7
make a repeating reminder for my yoga practice every day at noon,calendar_set,0.7
i have a meeting with sean at four pm on wednesday can you remind me,calendar_set,0.7
create an event gym day on monday and set it to repeat,calendar_set,0.7
blot me all the phone calls planned for the morning of twenty three march,calendar_query,0.7
can you remind me about my meeting tomorrow,calendar_set,0.7
repeat reminder for my schedule for christmas,calendar_set,0.7
remind me to call my grandma this Sunday,calendar_set,0.7
next week my uncle birthday,calendar_query,0.7
add running to my calendar for thursday,calendar_set,0.7
i would like to attend church every sunday at eleven am,calendar_set,0.7
see if john is available for a meeting on Monday,calendar_query,0.7
remind me about the meeting,calendar_query,0.7
set the alarm in my calendar events before five mins,alarm_set,0.7
activate a one week notification before my anniversary please,calendar_set,0.7
could you please schedule a meeting with this person,calendar_set,0.7
i have a meeting with al on march twenty first at ten,calendar_query,0.7
help me make brownies,cooking_recipe,0.7
crabmeat recipe,cooking_recipe,0.7
it should spices,general_quirky,0.7
tell how vegetable is cooked,cooking_recipe,0.7
learn to cut potatoes correctly,general_quirky,0.7
how to cook that meal,cooking_recipe,0.7
can i get a recipe for tuna,cooking_recipe,0.7
please cook me a hamburger,cooking_recipe,0.7
how to cook yellow rice,cooking_recipe,0.7
i need to know how to make stuffed peppers,cooking_recipe,0.7
how can i cook pasta,cooking_recipe,0.7
look for different recipes,cooking_recipe,0.7
what ingredient can be used instead of saffron,general_quirky,0.7
find apple pie recipe,cooking_recipe,0.7
do i have enough ingredients in my refrigerator,cooking_recipe,0.7
search for your favorite meal,cooking_recipe,0.7
tell me the preparation method for chicken sixty five,cooking_recipe,0.7
i would like it to be able to find recipes i have,cooking_recipe,0.7
why do people use avocado seeds,general_quirky,0.7
if it's eight pm on the east coast what time is it in sacramento california,datetime_convert,0.7
if it is four pm in missouri what time is it in london,datetime_convert,0.7
can you please change the time zone to us,datetime_convert,0.7
which time zone are we in please change to current,datetime_convert,0.7
please change time zone to canada,datetime_convert,0.7
what time will it be locally at nine am bangalore india time,datetime_query,0.7
it is ten am in eastern standard time what time it is now it pacific standard time,datetime_convert,0.7
change mountain standard to pacific,datetime_convert,0.7
please tell me the date,datetime_query,0.7
date today,datetime_query,0.7
what is today,datetime_query,0.7
what is the time in geneva,datetime_query,0.7
let me know the time,datetime_query,0.7
new york time please,datetime_query,0.7
what is the time difference between here and dakar,datetime_convert,0.7
let me know the time in india,datetime_query,0.7
tell me the time in this time zone,datetime_query,0.7
which date is on next monday,datetime_query,0.7
tell me what time it is in dallas texas,datetime_query,0.7
what time is it in the other time zones,datetime_convert,0.7
hey what's the current time in austin,datetime_query,0.7
hey what is the time,datetime_query,0.7
could you tell me what time it is,datetime_query,0.7
what day of the week does the next holiday fall on,datetime_query,0.7
august fifteenth is what day of the week,calendar_query,0.7
can you tell me the date today,datetime_query,0.7
hey what's today's date,datetime_query,0.7
add dan's email,email_addcontact,0.7
add contacts n mail,email_addcontact,0.7
enter atdfd@yahoo dot com into my contact list,email_addcontact,0.7
get apahelp@yahoo dot com in my contacts,email_addcontact,0.7
save the email to my contact,email_addcontact,0.7
please add johndoe@yahoocom to my contact list,email_addcontact,0.7
add this new email,email_addcontact,0.7
add work email address,email_addcontact,0.7
are there any new emails from name,email_query,0.7
give me recent emails,email_query,0.7
refresh email,email_query,0.7
i need to know all of the emails from contact pertaining to subject,email_query,0.7
open email,email_query,0.7
who has sent me an email in the past week,email_query,0.7
check emails for unread emails from mom,email_query,0.7
did any emails come for me in the last five hours,email_query,0.7
report what is new in my email inbox please,email_query,0.7
what is the subject and who is the sender of my last email,email_query,0.7
what did i tell susan in my last email,email_query,0.7
show me all the emails received recently,email_query,0.7
do i have any emails from jessica,email_query,0.7
are there any recent unread emails,email_query,0.7
do i have any new email from ryan,email_query,0.7
carlos linux upgrade email,email_query,0.7
my mail,email_query,0.7
have i gotten any mail recently,email_query,0.7
check emails,email_query,0.7
what is sarah's number,email_querycontact,0.7
can you give me details on john,qa_factoid,0.7
have you responded my phone calls,social_query,0.7
what is jeff's number,email_querycontact,0.7
how many contacts are there named john,email_querycontact,0.7
tell me the contact details of my brother,email_querycontact,0.7
show mobile number of john,email_querycontact,0.7
does contact mona has an email as well,email_querycontact,0.7
show number and contact email of rehan,email_querycontact,0.7
look up for the residential address of my team leader,email_querycontact,0.7
what is my wife's email,email_querycontact,0.7
select the contact,email_querycontact,0.7
is this my sisters cellphone number,email_querycontact,0.7
how old is mary s.,email_querycontact,0.7
did mom text me,social_query,0.7
please let me know where david is travelling,qa_factoid,0.7
is hayden still living on turnpike lane,qa_factoid,0.7
add rebecca green to my list of favorite contacts,email_addcontact,0.7
what is jill's home phone number,email_querycontact,0.7
send a mail to whom to talk,email_sendemail,0.7
pull up kate's email and write that i will let her know,email_sendemail,0.7
please reply to my boss most recent email and say that the ppt will be ready in one hour maximum,email_sendemail,0.7
reply the email of charles with just thank you right now,email_sendemail,0.7
send new email to jana dot litt at gmail dot com,email_sendemail,0.7
hey please reply to last pawel's email,email_sendemail,0.7
send email to new email address,email_sendemail,0.7
send an email to my friend say birthday wishes,email_sendemail,0.7
send email to mom starting with the subject vacation,email_sendemail,0.7
jj.nzt@yahoo dot com,email_sendemail,0.7
email happy new year to john,email_sendemail,0.7
tell to joe's email that come to my house in this moment i am alone,email_sendemail,0.7
go to email and send message to,email_sendemail,0.7
email john smith,email_sendemail,0.7
start a new email to george brown,email_sendemail,0.7
send a replay email,email_sendemail,0.7
send reply to joe,email_sendemail,0.7
email tom the date and time of tomorrow's meeting,calendar_set,0.7
add mail id subject content,email_addcontact,0.7
fantastic response.,general_affirm,0.7
yeap you've gotten my instructions perfectly.,general_affirm,0.7
yeah wonderful response.,general_affirm,0.7
yeah exact response to the command.,general_affirm,0.7
yeah perfect response to command.,general_affirm,0.7
yeah excellent.,general_affirm,0.7
yeah exactly.,general_affirm,0.7
perfect response to command.,general_affirm,0.7
yes you have got my instructions perfectly.,general_affirm,0.7
yeah you understood command correcly.,general_affirm,0.7
yeah wonderful response to command.,general_affirm,0.7
strongly agree.,general_affirm,0.7
yeap it is confirmed.,general_affirm,0.7
you got the command right.,general_affirm,0.7
yeah strongly agree.,general_affirm,0.7
yeah fantastic.,general_affirm,0.7
yes you've understood my instructions exactly.,general_affirm,0.7
yeap your understanding was confirmed.,general_affirm,0.7
yeah that is correct.,general_affirm,0.7
i would like you just stop it.,general_commandstop,0.7
will you please shut down.,general_commandstop,0.7
olly that's enough, just stop it.,general_commandstop,0.7
olly can you stop it.,general_commandstop,0.7
olly please would you stop.,general_commandstop,0.7
please shut up.,general_commandstop,0.7
i like you cancel.,general_commandstop,0.7
will you just stop it please.,general_commandstop,0.7
would you cancel it please.,general_commandstop,0.7
olly can you shut down.,general_commandstop,0.7
olly that is enough, just stop it.,general_commandstop,0.7
olly will you cancel please.,general_commandstop,0.7
will you stop.,general_commandstop,0.7
that's all, cancel it.,general_commandstop,0.7
olly shut down please.,general_commandstop,0.7
olly can you just stop.,general_commandstop,0.7
will you cancel it.,general_commandstop,0.7
olly please can you shut up.,general_commandstop,0.7
olly i want you cancel.,general_commandstop,0.7
would you confirm the question.,general_confirm,0.7
could you check my last question.,general_confirm,0.7
will you check and confirm command please.,general_confirm,0.7
please will you check it.,general_confirm,0.7
could you check and confirm what i last said please.,general_confirm,0.7
will you please check it.,general_confirm,0.7
please can you confirm the question.,general_confirm,0.7
check the details please.,general_confirm,0.7
can you confirm it.,general_confirm,0.7
please can you confirm it.,general_confirm,0.7
can you check and confirm the question please.,general_confirm,0.7
i like you check question please.,general_confirm,0.7
did you get what just said correctly?,general_confirm,0.7
did you get what said correctly?,general_confirm,0.7
i like you to check and confirm what i said please.,general_confirm,0.7
would you please confirm the instruction.,general_confirm,0.7
check and confirm my last question please.,general_confirm,0.7
will you check and confirm the instruction please.,general_confirm,0.7
can you check last thing said please.,general_confirm,0.7
i would not mind, olly.,general_dontcare,0.7
wouldn't mind for any one.,general_dontcare,0.7
does not matter for me, olly.,general_dontcare,0.7
don't really bother, olly.,general_dontcare,0.7
wouldn't really know, olly.,general_dontcare,0.7
i have no idea about what to do, olly.,general_dontcare,0.7
i do not mind for whatever.,general_dontcare,0.7
any one is good, olly.,general_dontcare,0.7
it does not matter to me, olly.,general_dontcare,0.7
i would not mind to select any one.,general_dontcare,0.7
i do not really mind for whatever.,general_dontcare,0.7
this is unimportant for me.,general_dontcare,0.7
i would not mind to select any one, olly.,general_dontcare,0.7
does not matter for me.,general_dontcare,0.7
any one is good to me.,general_dontcare,0.7
this is unimportant, olly.,general_dontcare,0.7
wouldn't really mind for whatever.,general_dontcare,0.7
have no idea regarding to what to select, olly.,general_dontcare,0.7
does not matter, olly.,general_dontcare,0.7
would you clarify me on your answer further please.,general_explain,0.7
s2, i can not understand that.,general_explain,0.7
your words is not so clear.,general_explain,0.7
s1, explain further please.,general_explain,0.7
s2, i am unclear about what you have just said.,general_explain,0.7
please will you clarify me more on that.,general_explain,0.7
will you rephrase me about your response once again please.,general_explain,0.7
again clarify me on your answers.,general_explain,0.7
again elaborate.,general_explain,0.7
couldn't understand what you just said now.,general_explain,0.7
can you again clarify what you've said please.,general_explain,0.7
i didn't get your response.,general_negate,0.7
s1, could you please again rephrase me about what you said now.,general_explain,0.7
what you said now was not clear.,general_explain,0.7
can you explain once again.,general_explain,0.7
do not get this.,general_negate,0.7
s1, explain me on your answer further please.,general_explain,0.7
s2, i do not catch up with you.,general_explain,0.7
didn't understand what you said now.,general_explain,0.7
tell me random joke,general_joke,0.7
find me a joke related to baseball,general_joke,0.7
i need to be cheered up right now can you tell me a good joke,general_joke,0.7
today's jokes,general_joke,0.7
do you have a joke,general_joke,0.7
what's your favorite joke,general_joke,0.7
look for a joke,general_joke,0.7
do you know what a joke is,general_joke,0.7
i want a nerd joke,general_joke,0.7
what about this joke,general_joke,0.7
have any jokes,general_joke,0.7
joke please,general_joke,0.7
thanks but i think you don't understand this correctly.,general_negate,0.7
sorry but i think you've got that not right.,general_negate,0.7
i didn't say it.,general_negate,0.7
shit, not right.,general_negate,0.7
i think it is not correct response.,general_negate,0.7
thanks but you have understood this wrongly.,general_negate,0.7
wait, i think that's not the right answer.,general_negate,0.7
that wasn't right.,general_negate,0.7
oops, you're not correct.,general_negate,0.7
wait, you did not interpret command right.,general_negate,0.7
you have done a wrong thing.,general_negate,0.7
wait, this is not the correct answer.,general_negate,0.7
thanks but i think you do not get me.,general_negate,0.7
no, this is not what i am looking for.,general_negate,0.7
uhh no, incorrect command.,general_negate,0.7
i think you don't get answer right.,general_negate,0.7
i think you did a task all wrong.,general_negate,0.7
uh no, you did not understand what i am searching for.,general_negate,0.7
i am sorry but i think it was not the correct answer.,general_negate,0.7
you are my hero, thank you very much, olly.,general_praise,0.7
you have done it correctly thanks, olly.,general_praise,0.7
ah that's nice one.,general_praise,0.7
you rock, thank you very much, olly.,general_praise,0.7
fantastic job, you did well.,general_praise,0.7
that's good, thanks.,general_praise,0.7
appreciate your answers, olly.,general_praise,0.7
you are my star, thank you so much, olly.,general_praise,0.7
that was cool, i appreciate it.,general_praise,0.7
fantastic job, you've done well, olly.,general_praise,0.7
great work, you did well, olly.,general_praise,0.7
that is cool, thanks, olly.,general_praise,0.7
thank you for the response, olly.,general_praise,0.7
you've done it right.,general_affirm,0.7
well done, appreciated.,general_praise,0.7
excellent work, you have done well.,general_praise,0.7
awesome job, you did well.,general_praise,0.7
it's great one, thank you very much.,general_praise,0.7
it's helpful, appreciated.,general_praise,0.7
today i had a lunch with my longtime sweetheart play me a nice song to the mood,play_music,0.7
what's on tv,news_query,0.7
is the data prefers any problems in objects,general_quirky,0.7
your salary,general_quirky,0.7
overall day,general_quirky,0.7
anything i need to know,general_quirky,0.7
is mile marker sixty five where the hanging tree is located,qa_factoid,0.7
tell me what happens when we die,general_quirky,0.7
what is your country,qa_factoid,0.7
do i need to spare washing my car today,weather_query,0.7
this brings some problems to us,general_quirky,0.7
can you explain me the problems when the syria becomes more stronger than america,general_quirky,0.7
you are chatbot,general_quirky,0.7
how high is the quality of this stone,general_quirky,0.7
can you please tell me who are you,qa_factoid,0.7
where did he was yesterday,email_querycontact,0.7
have you come across any new recipes,cooking_recipe,0.7
how did your day go,general_quirky,0.7
give me the product review from gamespot about the nintendo switch,social_post,0.7
let's start over please.,general_repeat,0.7
please say one more time again.,general_repeat,0.7
i would like to hear that information spoken again.,general_repeat,0.7
i would like to hear the last one spoken again.,general_repeat,0.7
i'd like to hear the last spoke again.,general_repeat,0.7
i need to hear what you've said again.,general_repeat,0.7
retry please.,general_repeat,0.7
will you try what i have just said one more time please.,general_repeat,0.7
would you tell me one more again please.,general_repeat,0.7
would you tell me once again.,general_repeat,0.7
could you tell me the last one you just said again please.,general_repeat,0.7
i want to hear that again.,general_repeat,0.7
i want to hear it again.,general_repeat,0.7
please could you tell me once more.,general_repeat,0.7
can you try again please.,general_repeat,0.7
say one more time again please.,general_repeat,0.7
will you speak once again please.,general_repeat,0.7
please say it once again.,general_repeat,0.7
please tell me it once more.,general_repeat,0.7
please activate my vacuum to clean the living room,iot_cleaning,0.7
can you wake the roomba for the kitchen,iot_cleaning,0.7
please have vacuum go for one hour,iot_cleaning,0.7
activate the vacuum,iot_cleaning,0.7
clean the sofa with the vacuum cleaner,iot_cleaning,0.7
have the vacuum cleaner clean the room,iot_cleaning,0.7
hurriedly activates my robot vacuum cleaner,iot_cleaning,0.7
begin vacuum,iot_cleaning,0.7
remove dust with vacuum cleaner,iot_cleaning,0.7
start vacuum bot,iot_cleaning,0.7
start my robot vacuum cleaner by ten to eleven am daily,iot_cleaning,0.7
activate vacuum cleaner,iot_cleaning,0.7
turn on the roomba,iot_cleaning,0.7
begin vacuum cleaning,iot_cleaning,0.7
please turn on my vacuum cleaner,iot_cleaning,0.7
how do you activate the robot vacuum cleaner,iot_cleaning,0.7
i would like some coffee now,iot_coffee,0.7
please make coffee at seven am,iot_coffee,0.7
make a cup of coffee,iot_coffee,0.7
start coffee at six am,iot_coffee,0.7
i want some coffee now,iot_coffee,0.7
get me some latte please,iot_coffee,0.7
prepare my morning coffee,iot_coffee,0.7
prepare some cups of coffee for us,iot_coffee,0.7
can you see to it that the coffee maker is ready with my filter coffee in approximately ten minutes from now,iot_coffee,0.7
i'd like a coffee now,iot_coffee,0.7
can you please turn on the coffee pot to make me coffee,iot_coffee,0.7
prepare coffee now,iot_coffee,0.7
can you get me a cup of coffee,iot_coffee,0.7
make a cup of coffee for me,iot_coffee,0.7
get a cup of coffee ready now,iot_coffee,0.7
coffee please,iot_coffee,0.7
make me a capuccino,iot_coffee,0.7
make me coffee at eight am,iot_coffee,0.7
put on a pot of coffee,iot_coffee,0.7
please make the lights natural,iot_hue_lightchange,0.7
lights to fifty percent,iot_hue_lightchange,0.7
can you change the light colors in the house,iot_hue_lightchange,0.7
turn the lights on party mode,iot_hue_lighton,0.7
set the mood please,general_quirky,0.7
change the light colors,iot_hue_lightchange,0.7
could you change the lights colour to green please,iot_hue_lightchange,0.7
make curser adjustable position,qa_factoid,0.7
change light color,iot_hue_lightchange,0.7
change the light color to blue,iot_hue_lightchange,0.7
alter the color of the lights at home,iot_hue_lightchange,0.7
change lights to blue,iot_hue_lightchange,0.7
can you change the living room lights to a softer color,iot_hue_lightchange,0.7
can you set the living room lights to pink,iot_hue_lightchange,0.7
change the color of the lights to blue,iot_hue_lightchange,0.7
let's have a warm glow in the front room,iot_hue_lighton,0.7
switch lights to red tone,iot_hue_lightchange,0.7
change my light color to blue and please turn off the kitchen light,iot_hue_lightchange,0.7
all lights colour to blue please,iot_hue_lightchange,0.7
dim the lights at the living room,iot_hue_lightdim,0.7
lower the light intensity,iot_hue_lightdim,0.7
hi can you please turn lower the lights,iot_hue_lightdim,0.7
dim the lights please,iot_hue_lightdim,0.7
please turn down the lights,iot_hue_lightdim,0.7
lower the lights,iot_hue_lightdim,0.7
lower the lights in bedroom two,iot_hue_lightdim,0.7
i want the room to be less bright,iot_hue_lightdim,0.7
hey olly make the lights a little dimmer,iot_hue_lightdim,0.7
light is too much,iot_hue_lighton,0.7
reduce brightness,iot_hue_lightdim,0.7
dim the overhead lights a tad,iot_hue_lightdim,0.7
switch off main light,iot_hue_lightoff,0.7
off all the lights on the right side,iot_hue_lightoff,0.7
turn off lights in bathroom,iot_hue_lightoff,0.7
bedroom lights off now,iot_hue_lightoff,0.7
turn off the lights in the bathroom,iot_hue_lightoff,0.7
please turn off the lights in the kitchen,iot_hue_lightoff,0.7
turn off the room light,iot_hue_lightoff,0.7
power off the current,iot_wemo_off,0.7
turn off lights of kitchen,iot_hue_lightoff,0.7
by main power off,iot_wemo_off,0.7
turn off the upstairs bathroom light,iot_hue_lightoff,0.7
please turn off my patio lights,iot_hue_lightoff,0.7
turn the lights off please,iot_hue_lightoff,0.7
can you make sure the kitchen light is off,iot_hue_lightoff,0.7
could you turn the light off,iot_hue_lightoff,0.7
turn the living room's light off,iot_hue_lightoff,0.7
switch off the lights,iot_hue_lightoff,0.7
can you turn off my desk lamp,iot_hue_lightoff,0.7
turn the left light off,iot_hue_lightoff,0.7
please turn on all lights,iot_hue_lighton,0.7
please turn on the lights,iot_hue_lighton,0.7
it's dark in the living room,iot_hue_lighton,0.7
light up,iot_hue_lightup,0.7
lighten the light,iot_hue_lightdim,0.7
i need the lights in here to be turned up to seven,iot_hue_lightup,0.7
increase brightness by twenty percent,iot_hue_lightup,0.7
increase the light in the room,iot_hue_lightup,0.7
can you turn up the lights,iot_hue_lightup,0.7
i would like all the lights on when i enter,iot_hue_lighton,0.7
please arrange to make all lights to show brighter,iot_hue_lightup,0.7
brighten living room lights,iot_hue_lightup,0.7
raise all the lights on,iot_hue_lightup,0.7
raise the lights,iot_hue_lightup,0.7
brighten the light at seventy percent,iot_hue_lightup,0.7
increase,iot_hue_lightup,0.7
brighten the lights,iot_hue_lightup,0.7
deactive the socket,iot_wemo_off,0.7
turn off the rice cooker socket,iot_wemo_off,0.7
power off wemo plug socket,iot_wemo_off,0.7
please switch off on the wemo plug socket,iot_wemo_off,0.7
shut the smart socket down,iot_wemo_off,0.7
i do not want to use the socket anymore,iot_wemo_off,0.7
turn off my smart plug in thirty minutes,iot_wemo_off,0.7
turn off wifi when you leave home to save power,iot_wemo_off,0.7
please turn off my smart plug socket,iot_wemo_off,0.7
turn on the wemo plug socket to connect my charger to it,iot_wemo_on,0.7
turn on the plug,iot_wemo_on,0.7
on all the button on dashboard,qa_definition,0.7
toggle wemo plug socket on,iot_wemo_on,0.7
wemo on,iot_wemo_on,0.7
start new smart socket,iot_wemo_on,0.7
make the wemo go on,iot_wemo_on,0.7
create a list of monthly groceries to be bought,lists_createoradd,0.7
create a list of books to be ordered,lists_createoradd,0.7
create a blank list,lists_createoradd,0.7
add to list,lists_createoradd,0.7
add these documents to the things i need to travel with,lists_createoradd,0.7
start a new list,lists_createoradd,0.7
create a new to do list,lists_createoradd,0.7
search the item,qa_definition,0.7
create a new shopping list,lists_createoradd,0.7
start new list,lists_createoradd,0.7
i need to set up a new list,lists_createoradd,0.7
remind me to buy jeans on my shopping list,lists_createoradd,0.7
add cereal to my shopping list,lists_createoradd,0.7
i need to make a list,lists_createoradd,0.7
please add item to list,lists_createoradd,0.7
make a new list of dog breeds,lists_createoradd,0.7
add item,lists_createoradd,0.7
make a catalogue,lists_createoradd,0.7
put this on my list,lists_createoradd,0.7
open google keep,lists_query,0.7
what is the list type,lists_query,0.7
what list did i make today,lists_query,0.7
did i put toothpaste on my pick up list,lists_createoradd,0.7
please show me lists,lists_query,0.7
groceries list,lists_createoradd,0.7
tell me my lists,lists_query,0.7
how many items are on my list,lists_query,0.7
tell me the names on the list,lists_query,0.7
show the list that are available with numbers,lists_query,0.7
please tell me what lists i have made,lists_query,0.7
most viewed list,qa_factoid,0.7
what did i put down already on the walmart list,lists_createoradd,0.7
can i see my lists for today,lists_query,0.7
is there anything on my list today,lists_query,0.7
what open lists do i have,lists_query,0.7
what is on my playlist,music_query,0.7
what's on the list,lists_query,0.7
whats the schedule for today,calendar_query,0.7
can you remove this item from the list,lists_remove,0.7
delete last entry,lists_remove,0.7
remove books from list,lists_remove,0.7
please remove my list of favorite albums,lists_remove,0.7
please delete what i just typed,lists_remove,0.7
take bread out from the shopping list,lists_remove,0.7
change that off the list,lists_remove,0.7
remove the list of apps which started with letter a,lists_remove,0.7
remove this from the list,lists_remove,0.7
get rid of peas,general_quirky,0.7
remove item three from the list,lists_remove,0.7
take grocery buying off of the list,lists_remove,0.7
i don't have enough money to buy the nintendo switch right now can you please remove it on my amazon wishlist,lists_remove,0.7
i want to remove apples from list,lists_remove,0.7
please remove this item from the list,lists_remove,0.7
delete item,lists_remove,0.7
remove item four,lists_remove,0.7
get rid of mike stein from contacts list,lists_remove,0.7
delete my grocery list in my notes,lists_remove,0.7
save this song in my favorites,music_likeness,0.7
please rate this song five stars please,music_likeness,0.7
i like alt rock music,music_likeness,0.7
add song to running list,music_settings,0.7
i like to be it,general_quirky,0.7
add this channel to pandora,play_radio,0.7
this song should be on my playlist,music_likeness,0.7
i like it,general_quirky,0.7
add this song to favorites playlist,music_likeness,0.7
i favorite singer is arijit singh find his voice on radio,music_likeness,0.7
i really enjoy this song,music_likeness,0.7
i'd like you to remember that i like this song,music_likeness,0.7
what is in my favorites music folder,music_query,0.7
please save the current song to favorites,music_likeness,0.7
all i ever want to hear is rap,music_likeness,0.7
the song you are playing is amazing,music_query,0.7
please thumbs up this song,music_likeness,0.7
remember that this song is good but too slow to exercise to,music_settings,0.7
who is the song writer,music_query,0.7
please give me detail of o zaalima song,music_query,0.7
give me the details on elton john,qa_factoid,0.7
what movie is this song from,recommendation_movies,0.7
when did pop it like it's hot come out,general_quirky,0.7
what is the name of the singer,music_query,0.7
who is singing this song,music_query,0.7
i want to know what song has the phrase stairway to heaven in it,music_query,0.7
where can i find this song,music_query,0.7
song info,music_query,0.7
what list is available for my favorite music from ed sheeran,music_query,0.7
who is this,qa_factoid,0.7
list of playback of ar rahman collections,music_query,0.7
what music is this,music_query,0.7
what music service has some soul music i can listen to,music_query,0.7
which songs do i listen to most,music_query,0.7
can you locate some gospel music for me,music_query,0.7
tell me the name of this music,music_query,0.7
music traking,music_query,0.7
shuffle this playlist,music_settings,0.7
repeat this song when it ends,play_music,0.7
cut the songs in this musics,music_settings,0.7
repeat previous song,music_settings,0.7
please repeat that music again of akon,play_music,0.7
repeat this song,play_music,0.7
repeat same song for ten times,music_settings,0.7
add newscast time to daily schedule,calendar_set,0.7
what were the cities affected by the earthquake,qa_factoid,0.7
head lines today from news,news_query,0.7
what is the seattle city council doing about homelessness,qa_factoid,0.7
find me any news from so clean the last six hours,news_query,0.7
what is the latest headline news from this newsource,news_query,0.7
could you please find me the latest news from a source that i do not usually go to,news_query,0.7
please keep tabs on how the presidential debates are going,news_query,0.7
what's happening around the world,news_query,0.7
i want to know everything that breaks about the dam breaking in california,news_query,0.7
what is the latest news about obamacare,news_query,0.7
show news of migration,news_query,0.7
find new trump articles but not from fox news,news_query,0.7
what's the latest news from xinhua,news_query,0.7
find me info on cars,qa_factoid,0.7
Show me news from cnn,news_query,0.7
what is the current state of brexit negotiations,news_query,0.7
fast me the news of academy awards,news_query,0.7
i want the news about academy awards,news_query,0.7
i want to hear more audiobook,play_audiobook,0.7
pause resume,audio_volume_mute,0.7
resume my audio book from karl pilkington,play_audiobook,0.7
book please,play_audiobook,0.7
start playing american gods where i last stopped,play_audiobook,0.7
play from my last session of joes book,play_audiobook,0.7
open audio book history of rome,play_audiobook,0.7
start audiobook the time traveller,play_audiobook,0.7
resume animal farm,general_quirky,0.7
can you play file,play_music,0.7
audio,audio_volume_up,0.7
start from my last session of joes book,play_audiobook,0.7
play from this point from this audiobook,play_audiobook,0.7
resume my audiobook where we paused last,play_audiobook,0.7
resume the last kingdom for me,play_audiobook,0.7
end pause on audio book history of rome,play_audiobook,0.7
i want to finish listening to the book one thousand nine hundred and eighty four from where i left off,play_audiobook,0.7
keep reading,play_audiobook,0.7
can you play my favorite audio book of tarzan,play_audiobook,0.7
play for me the game temple run,play_game,0.7
i want to play solitare with you,play_game,0.7
can we play twenty questions,play_game,0.7
give me a company for playing football,play_game,0.7
my games to play in my phones,play_game,0.7
let's play,play_game,0.7
play tennis for me,play_game,0.7
lets play poker,play_game,0.7
anyone for tennis,play_game,0.7
play pong against me,play_game,0.7
play solitaire,play_game,0.7
we should play nfs at high speed,play_game,0.7
can we play a game of hangman,play_game,0.7
do you want to play monopoly with me,play_game,0.7
bring up papa pear saga,general_quirky,0.7
play checkers with me,play_game,0.7
fight me in street fighter,play_game,0.7
paper scissors or stone,general_quirky,0.7
start poker game with me,play_game,0.7
play music i have liked,play_music,0.7
i would like to hear the theme song to this is us,play_music,0.7
play the list from my favorites,play_music,0.7
put poker face by lady gaga next in the play queue,play_music,0.7
turn on the tunes,play_music,0.7
rock,general_quirky,0.7
play jumper by third eye blind,play_game,0.7
play music playlist,music_settings,0.7
please turn on my music,iot_wemo_on,0.7
play my rap playlist,play_music,0.78
after this song play atmosphere,play_music,0.7
play true love next,play_game,0.7
play hip hop songs,play_music,0.7
hey play crazy by britney spears,play_music,0.7
play marvin gaye i want you,play_music,0.7
play tonic,play_game,0.7
play jingle bells next,play_music,0.7
open jazz,play_music,0.7
play all third day,play_game,0.7
play fishing podcasts that are favorited,play_podcasts,0.7
play podcast for the philadelphia eagles content,play_podcasts,0.7
play me the new podcast from npr,play_podcasts,0.7
keep playing the episodes in order,play_podcasts,0.7
play next episode,play_podcasts,0.7
play my play list,play_music,0.7
play favorites listed in podcasts starting with first one,play_podcasts,0.7
play previous episode,play_podcasts,0.7
play my favourite podcasts,play_podcasts,0.7
get the next episode,play_podcasts,0.7
please start the next podcast episode,play_podcasts,0.7
please play next episode of podcast,play_podcasts,0.7
show me podcasts,play_podcasts,0.7
can you play back to december,play_music,0.7
can you please download my podcast file available in internet and play it once,play_podcasts,0.7
skip this episode,play_podcasts,0.7
skip this one,general_dontcare,0.7
what are my top played podcasts,play_podcasts,0.7
go back to previous episode of podcast,play_podcasts,0.7
play radia,play_game,0.7
play nine hundred and seventy one,play_game,0.7
play the radio,play_radio,0.7
turn on the local radio,play_radio,0.7
please turn on the sean hannity show on am,play_radio,0.7
play national public radio,play_radio,0.7
play one thousand and thirty seven fm,play_radio,0.7
show me upcoming programmes on one hundred and five point one,calendar_query,0.7
load sirius and play a rock and roll show,play_radio,0.7
tune into the nearest english fm station,play_radio,0.7
please play some songs for kids,play_music,0.7
find joel osteen's broadcast on sirius,play_radio,0.7
please go to the local sports talk show on the radio,play_radio,0.7
play alex jones in radio,play_radio,0.7
play radio javan,play_radio,0.7
press play on the radio,play_radio,0.7
play my rock station on pandora,play_radio,0.7
play music radio for me,play_radio,0.7
play me a radio channel for trance music,play_radio,0.7
what is the most current exchange rate in china,qa_currency,0.7
if i have five dollars how many rupies is that,qa_currency,0.7
how much is dollars american worth in yen,qa_currency,0.7
convert euros to dollars,qa_currency,0.7
how much is ten dollars in euros,qa_currency,0.7
how much is b. p. in u. s. d.,general_quirky,0.7
what's the value of the euro relative to nzd,qa_currency,0.7
exchange rate of euro with dollar,qa_currency,0.7
how much money in us would i need to have a thousand pesos,qa_currency,0.7
u. s. d. to g. b. p.,general_quirky,0.7
i have ten us dollars how many canadian dollars do i have,qa_currency,0.7
how much is the us dollar worth in canada,qa_currency,0.7
what is the exchange rate between the us and canada,qa_currency,0.7
how much indian rupees per u. s. d. today,qa_currency,0.7
how many g. b. p. can i get for one dollar,qa_currency,0.7
give me the exchange rate for dollar in euros,qa_currency,0.7
how much australian dollars one can buy for one pound sterling,qa_currency,0.7
and the pound is doing how badly against the euro,qa_currency,0.7
what is the exchange rate between money i'm the united states and switzerland,qa_currency,0.7
please define forensic,qa_definition,0.7
tell about the origin of the word evolution,general_quirky,0.7
what's the definition of diverse,qa_definition,0.7
what is love,general_quirky,0.7
what is a trebuchet,qa_definition,0.7
what do you know about the statue of liberty,qa_factoid,0.7
google definition for me,qa_definition,0.7
Define economics,general_quirky,0.7
what does h2o stand for,general_quirky,0.7
meaning of word,qa_definition,0.7
please tell me the definition of home,general_quirky,0.7
how would you define a car,qa_definition,0.7
look up animal and give me the definition,qa_definition,0.7
describe a rotor,qa_definition,0.7
define the moon for me,qa_definition,0.7
define flabbergasted,qa_definition,0.7
find the meaning of promise,general_quirky,0.7
define rumplestiltskin,qa_definition,0.7
what does a grapefruit look like,qa_definition,0.7
what year what the eiffel tower built,qa_factoid,0.7
when does the super bowl officially start,datetime_query,0.7
how many months in a year,general_quirky,0.7
how many pages long is harry potter,play_audiobook,0.7
where do cows come from,general_quirky,0.7
where is italy,qa_factoid,0.7
give me the birth date of mahatma gandhi,qa_factoid,0.7
which continent has highest growth of cotton and what is average production,qa_factoid,0.7
when is shakira's birthday,qa_factoid,0.7
please tell me about the historic facts about india,qa_factoid,0.7
how old is emma watson newest boyfriend,qa_factoid,0.7
who assassinated lincoln,qa_factoid,0.7
tell me when will indians economy touch that of americas,general_quirky,0.7
info on lisa ann please,qa_factoid,0.7
calculate distance from boston to new york,datetime_convert,0.7
what year did george clooney start acting,qa_factoid,0.7
tell me who will win the next presidential election,qa_factoid,0.7
what is the capital of new hampshire,qa_factoid,0.7
name the capital of nigeria,qa_factoid,0.7
two by two is,qa_maths,0.7
fifteen plus twenty,qa_maths,0.7
divide two hundred by four,qa_maths,0.7
what is one plus one,qa_maths,0.7
is one divisible by three,qa_maths,0.7
convert ten inches to centimeters,qa_factoid,0.7
what is the answer to this math question,qa_maths,0.7
three times two equals six,qa_maths,0.7
how many inches make one feet,qa_factoid,0.7
what is the square root of four,qa_maths,0.7
can you add up thirteen plus five plus nine for me,qa_maths,0.7
what is twenty percent of one hundred and twenty,qa_maths,0.7
what is five divided by one,qa_maths,0.7
what is the sum of 9 and 12,qa_maths,0.7
what are the stock prices of target,qa_stock,0.7
fill me in on stock symbol,qa_stock,0.7
what is the price of stock for gm,qa_stock,0.7
google i. b. m. stock prices,qa_stock,0.7
how is shell s stock doing today,qa_stock,0.7
stock price for gss energy,qa_stock,0.7
list me the stock of apple right now,qa_stock,0.7
stock price for sprint,qa_stock,0.7
what is the value of apple,qa_stock,0.7
compare the stock prices for nintendo and sony and tell me which ones are better,qa_stock,0.7
how much did facebook stock increase last night,qa_stock,0.7
what is the stock information of walmart,qa_stock,0.7
what is now stock price of tata,qa_stock,0.7
what is the current price of jindel stock,qa_stock,0.7
how is coca cola stock doing today,qa_stock,0.7
for how much is hp selling for,qa_stock,0.7
what price are google stocks trading for,qa_stock,0.7
is starbucks stock up or down from last quarter,qa_stock,0.7
how much to buy stock in i. b. m.,qa_stock,0.7
what events are coming up,recommendation_events,0.7
let me see cultural events for this weekend in palermo neighborhood,recommendation_events,0.7
what are the concerts happening nearby,recommendation_events,0.7
is there any type of festival going on in town this weekend,recommendation_events,0.7
show me painting exhibition in bay area,recommendation_locations,0.7
are there any fun things to do in seattle this weekend,recommendation_events,0.7
what's going on,news_query,0.7
recommend an event happening in my area,recommendation_events,0.7
what events are happening this weekend in my area,recommendation_events,0.7
what's happening at the library this month,recommendation_events,0.7
what is playing at the local theater right now,recommendation_movies,0.7
what do they have going on for festivals downtown,recommendation_events,0.7
could you list out the information on book fairs in washington dc for next week,recommendation_events,0.7
are there any events going on downtown tonight,recommendation_events,0.7
when is the yearly cultural event coming up,recommendation_events,0.7
what's happening around town,recommendation_events,0.7
What event do you suggest for me tonight,recommendation_events,0.7
what's happening in town tonight,recommendation_events,0.7
give me the list of circus shows going on in the city right now,recommendation_events,0.7
please tell me a shop where i can find books to buy,recommendation_locations,0.7
where is the closest restaurant,recommendation_locations,0.7
is there a sports bar near kansas city plaza area,recommendation_locations,0.7
where should i go eat tonight,recommendation_locations,0.7
i'm looking for a casual restaurant for a dinner date,recommendation_locations,0.7
where is the shopping mall for shirts,recommendation_locations,0.7
what shops are near me,recommendation_locations,0.7
when does the closest bar close,general_quirky,0.7
where can i find the nearest irish pub in my area,recommendation_locations,0.7
give me some cafes near downtown fort lauderdale,recommendation_locations,0.7
where is the best place to buy party supplies in town,recommendation_locations,0.7
where can i got to grab some drinks in west chester,recommendation_locations,0.7
where is the closer starbucks,recommendation_locations,0.7
what is the best hardware store near me,recommendation_locations,0.7
where is mcdo,qa_factoid,0.7
can you recommend any pub in mg road,recommendation_locations,0.7
find grocery store with an organic section near me,recommendation_locations,0.7
is there any chinese places in benton ar,recommendation_locations,0.7
tell me where the local shopping district is,recommendation_locations,0.7
play a movie i'll like,recommendation_movies,0.7
what time will a movie be shown tomorrow,recommendation_movies,0.7
what new movies available today,recommendation_movies,0.7
suggest a good genre movie that came out recently,recommendation_movies,0.7
please recommend a movie,recommendation_movies,0.7
what is the highest rated movie this week,recommendation_movies,0.7
recommend a movie for me,recommendation_movies,0.7
do you recommend any movies that are currently playing in me area,recommendation_movies,0.7
what is the highest rated movie now out,recommendation_movies,0.7
what is the best movie to watch this weekend,recommendation_movies,0.7
send a complaint to sony about this tv that quit working,social_post,0.7
write complaint to wallmart,social_post,0.7
please tweet about the problem i m facing with the product of company,social_post,0.7
open gallery post video name,general_quirky,0.7
complain to amazon customer service for me,social_post,0.7
tell comcast i am still on hold,social_post,0.7
tweet that there was an insect in the chocolate packet,social_post,0.7
post new status,social_post,0.7
lets send a tweet,social_post,0.7
i want to tweet a complaint on apples phone issues,social_post,0.7
tweet to ikea costumer service the following i'm not happy with this new klm product,social_post,0.7
tweet at quote unquote,social_post,0.7
tweet customer service not good for lpg service in my twitter account,social_post,0.7
comcast sucks put that on their twitter account,social_post,0.7
tweet my complaint to @nsa,social_post,0.7
tweet terrible service,social_post,0.7
Hashtag loving this weather post to twitter,weather_query,0.7
send a tweet to apple that their batteries drain too fast,social_post,0.7
complain to mcdonalds twitter about my burger,social_post,0.7
who is doing facebook live right now,social_query,0.7
tell me what's going on snap chat,social_query,0.7
what's the most popular story on my facebook newsfeed,social_query,0.7
how many notifications do i have on facebook,social_query,0.7
please check the trending topics on twitter,social_query,0.7
read me new post on my feed,social_query,0.7
get me updates from kenny's facebook from the weekend,social_query,0.7
did anyone get engaged or give birth among my online friends,social_query,0.7
did anyone like my photo i just posted,social_query,0.7
show me the posts of my friends in the last hour,social_query,0.7
may i know what is trending in social media,social_query,0.7
find updates from vicki's facebook from mardi gras day,social_query,0.7
open social media account,social_query,0.7
hi what is happening in twitter today,social_query,0.7
did anyone message me on facebook,social_query,0.7
take me to the most popular post,social_query,0.7
are there any interesting stuff happened today in my twitter,social_query,0.7
what the highest likes on facebook,social_query,0.7
please call china wok and order number seven,takeaway_order,0.7
place order to pizza takeout for seven pm,takeaway_order,0.7
can i order out,takeaway_order,0.7
order two large pizzas and pieces of hot wings from dominoes,takeaway_order,0.7
order me a bowl from chipotle takeout,takeaway_order,0.7
order a pizza for me,takeaway_order,0.7
place order for a chicken manchow soup from wangs kitchen restaurant,takeaway_order,0.7
hey order a pizza pie with extra cheese,takeaway_order,0.7
i want to order food,takeaway_order,0.7
call for takeout,takeaway_order,0.7
is there any good chinese takeout that's open late,takeaway_order,0.7
i would like to pickup a veggie sub with a cookie from subway,takeaway_order,0.7
pull up the menu for the closest mexican restaurant,recommendation_locations,0.7
what takeout places are near me,takeaway_order,0.7
place order of one pizza,takeaway_order,0.7
find me the nearest chinese for delivery,takeaway_order,0.7
order a pizza from pizza express,takeaway_order,0.7
get me a turkey jimmy johns sub and set it to be delivered at five pm tonight,takeaway_order,0.7
order a smoked meat platter from beanos,takeaway_order,0.7
where can i order pizza for delivery,takeaway_order,0.7
does pings do takeaway,takeaway_query,0.7
i need to know if mr pizza delivers,takeaway_query,0.7
what's the exact time we get food delivered once we place an order for food,takeaway_query,0.7
how long until i receive my food,calendar_query,0.7
check delivery options for the restaurant,takeaway_query,0.7
does louie's do take out,takeaway_query,0.7
where are my takeaway order,takeaway_order,0.7
is my order at domino's ready,takeaway_order,0.7
hi there do you offer home delivery for orders,takeaway_query,0.7
can they provide takeaway,takeaway_query,0.7
restaurant order status,takeaway_query,0.7
when is my takeaway arriving,takeaway_order,0.7
find out if kfc delivers please,takeaway_query,0.7
do they deliver home,takeaway_query,0.7
please see if chili's has delivery,takeaway_query,0.7
what is the status of my order no,takeaway_query,0.7
please see if the restaurant chili's has delivery as an option,takeaway_order,0.7
can they do delivery,takeaway_query,0.7
where can i book a train ticket to oregon,transport_ticket,0.7
navigation search,transport_query,0.7
what time does the train leave philadelphia,transport_query,0.7
please let me know the time of train northern rail,transport_query,0.7
directions please,cooking_recipe,0.7
how far away is the nearest rest stop,transport_query,0.7
what are the train times for today,transport_query,0.7
how much long until northern rail arrives at kings cross station,transport_query,0.7
show me the train schedules to the metropolitan opera house,transport_query,0.7
get route for los angles from here,transport_query,0.7
direction to local train station,transport_query,0.7
what is the train schedule to denver,transport_query,0.7
how long does it take to get from here to chicago by train,transport_query,0.7
when i should leave to office,calendar_query,0.7
when is the train coming,transport_query,0.7
how much time is a train to there,transport_query,0.7
find nearest train station,transport_query,0.7
train leaving,transport_query,0.7
get me to the nearest train station,transport_query,0.7
request a driver for uber in five minutes,transport_taxi,0.7
order me an uber ride please,transport_taxi,0.7
call yellow cab,transport_taxi,0.7
find an uber that can get me to the airport now,transport_taxi,0.7
book me a taxi from castle street to airport,transport_taxi,0.7
call a taxi,transport_taxi,0.7
book a taxi,transport_taxi,0.7
book an uber to pick me up outside of long island bar right now,transport_taxi,0.7
call a taxi to pick me up at work,transport_taxi,0.7
find an uber driver available for tonight after ten pm,transport_taxi,0.7
book me an uber,transport_taxi,0.7
schedule an uber in twenty minutes to tesco on fifth street,transport_taxi,0.7
get me a taxi to the airport right now,transport_taxi,0.7
have a taxi pick me up,transport_taxi,0.7
book me a uber for tomorrow night at six pm,transport_taxi,0.7
book for me an uber taxi to carmen drive,transport_taxi,0.7
uber,transport_taxi,0.7
book a taxi to start from here,transport_taxi,0.7
book me a train ticket to chicago for tomorrow morning before ten,transport_ticket,0.7
find out the the train arrival time and book me,transport_query,0.7
google train tickets to washington dc,transport_ticket,0.7
book ticket for paris by train,transport_ticket,0.7
book me a train ticket,transport_ticket,0.7
book a train ticket to canada this evening,transport_ticket,0.7
book me on a train leaving penn station tomorrow travelling to any city more than two hundred miles away,transport_ticket,0.7
get me two train tickets from where i am now to dallas arriving before dark,transport_ticket,0.7
book and pay for a train ticket to denver for saturday,transport_ticket,0.7
please book a train ticket from london to manchester,transport_ticket,0.7
google i need one train ticket to new york can you book that for me,transport_ticket,0.7
i need to buy a train ticket,transport_ticket,0.7
book a ticket in irctc website from sbc to mdu on may two for stored passenger list,transport_ticket,0.7
google search booking train ticket,transport_ticket,0.7
please purchase a amtrak ticket from las vegas nevada to lakeland florida leaving on the first of april,transport_ticket,0.7
book the the next train ticket to chennai,transport_ticket,0.7
find me a train ticket to boston,transport_ticket,0.7
get me a ride on the commuter train from nj to ny,transport_ticket,0.7
open irctc application and go to book ticket,transport_ticket,0.7
is it possible to drive now in ohio,transport_traffic,0.7
how is traffic in city,transport_traffic,0.7
what is the current traffic,transport_traffic,0.7
is there any traffic,transport_traffic,0.7
are there are any delays on my commute,transport_traffic,0.7
what the traffic condition outside my office,transport_traffic,0.7
in jodhpur traffic level is very low,transport_traffic,0.7
outside traffic status please,transport_traffic,0.7
show me the current traffic nearby me,transport_traffic,0.7
give information about the traffic near my location please,transport_traffic,0.7
just how bad is traffic on my commute,transport_traffic,0.7
how much traffic does atlanta georgia usually have,transport_traffic,0.7
what is the traffic like right now on telegraph,transport_traffic,0.7
what's the traffic this morning,transport_traffic,0.7
accident or normal traffic,transport_traffic,0.7
how long will it take me to get to park avenue considering current traffic,transport_traffic,0.7
what are the traffic conditions on the one hundred and one,transport_traffic,0.7
how's the traffic downtown,transport_traffic,0.7
how is traffic on the highway,transport_traffic,0.7
do i have to bring umbrella for tonight party,weather_query,0.7
should i wear gloves tonight,weather_query,0.7
will it rain in the noon,weather_query,0.7
how will be the weather at night,weather_query,0.7
will the temperature be higher than forty tomorrow,weather_query,0.7
ask for the weather today morning,weather_query,0.7
is summer going on,weather_query,0.7
do you think i can wear sandals or should i wear sneakers tonight at seven pm,weather_query,0.7
show me the weather forecast for the next three three days,weather_query,0.7
are you sure its going to rain tomorrow,weather_query,0.7
will i need my snow boots this afternoon,weather_query,0.7
do i need to wear sunscreen today,weather_query,0.7
what is the temperature today,weather_query,0.7
what is the weather next week,weather_query,0.7
what is the climate here today,weather_query,0.7
let me know when the next cold front is expected,weather_query,0.7
i am gonna need an umbrella today after sunset,weather_query,0.7
google what is the temperature outside,weather_query,0.7
are there any tornado warnings today,weather_query,0.7
